Address,POAP Txs
0x96e99a4ce092406b8c54fed16806a7d6e4c028e6,4724
0x57d23a76582f30b09106ced93efecf2ef718e187,4498
0x6bda0404288459cdc35b95a0162636088dccbee8,4424
0x5b28e91bd44945ec073ba1ba2b67e4de42d4704d,4300
0x3290603e448a2ce1831a4c4e68385d5e1531aced,4288
0xe5b1918d99f9b5b63817f6c9a7afda744ef1f647,4194
0x6a97f33cfdf24fe8c9f53df0c8cb2e90b8888888,4099
0xa4f8167706aaf9b0dfde893bea161aba4ea5784e,3841
0x49087eb6f9529eb02a508fb820d7b4d0b52e4881,3822
0x53dd1801964f19c6f540d4a3f608affd4aec7105,3658
0xb7f8984a21aec3dd21441f1558249987397e7f5b,3640
0x02fb763a0454a54b3ffd02427f54340b42fe8e7c,3589
0x75fd2bea5c16f587565770250d638d967f982953,3583
0x20f3483b0e6a8614905b5bc16bf84dff729b3178,3474
0x22489a6b8807a245f5f403dcf5e99a16866925f0,3331
0xd87ec9e7058a08bbc9ac932764c78810ab03efce,3317
0xecd8c7abae05083c7bf368e022a311c24a11870f,3315
0x6d963897b060c8b9df082c8737442d1a9ec4b3e1,3306
0x819e479f87a6384dcd1c63be221e76b474a581d0,3302
0xd52dd5d69be7f579f7689f6d56f7eb8f547f6130,3269
0x948a35e94da456608de93aa938bf940ba2b6117d,3150
0x99b7a16bff3878adb53bc7ddb8e8568744417233,3146
0x986a1de622305f441a3c763036ca06da417ffff4,3135
0x6d477b3e28d19ce67d46e9335c92d901763b7d71,3098
0x42919c338c192609a6042311e48c1a1ef5f1a6ce,3064
0x1564c46ddd718f5f1da28595836535dd1df7868a,3058
0xbbc837f73e415870e05803cf976eed1f930378d7,3040
0x8598a5c69551aa13047db1506c936fcfe266cb1c,3019
0xe426815884c01089409414c634a95bb00dd092f5,2979
0xa9ba8f045fa4e4965d0d46f27a1434588d98d3b6,2966
0x27a4b36bda9a448e429087c3d07159ac443920a4,2942
0xe87e4f1516577359297ada62e8a33268b4220cad,2931
0xdf881f48e30f78fef0ef5fd08afb026c994e38f6,2916
0x644b82bdb21451c91a8a859e2f9697e7a80ab694,2879
0xb123e0f41b1aa163bf274d0178b22f7f6dbcddbb,2862
0x6840031f5ef43ebf095d7554794853b3aa872ae2,2841
0xe118c8661a4a66be6631c64dd62450d056e7e00a,2793
0x781b36f826e4ff8faa35beb0fb217343fe2530d9,2788
0xb9a58cd3ffc6a2d7f5f0ffd8aff1ceefc43fe478,2749
0xd7e1df3c6d6f974f2aed3d13cec917217c9a7187,2740
0x329a8ddfed3de5172b984053d4d7f64f2e2189dc,2730
0xf615f2f15a9f154a5242c31ecdfe5ba8ae6fc457,2702
0x71475c78d0a6427871e3a8b65436e095b1ce2ce0,2681
0x543b65d285d708b6f23d667a0cc554fb22b458d7,2649
0xc720427c80fc12fa191faaf63690964965c427d2,2625
0x8029c4c55afd6f0e93ec080c5041e7e62e21bceb,2621
0x1edc4db74e738adb4666c1d630e6aff00840b6c3,2613
0x6da15dbdd8cc2c396629d0f732c06975f3244010,2588
0x17f561fdd150560766bf0857288cc4442043d9a2,2586
0xe92c558ff019cc87c7bf3aa5ee9854708d0d6739,2542
0x6ba5f9949a850d1efb04ca0f6ca334fd6645cbec,2541
0xf6122a1449388120e147d4eb0a71a9dda8e77d71,2526
0x3c7d5bb537abae440e0abe552342f422a4b1e6c1,2473
0x88bd639d6b029596b029c61490f29f57b0bf4a3f,2460
0x03630a389ced4b57ccdb7954bdfc656424b6cb66,2415
0xca6f521e9a52789f390bb78dd147f31b8d6ea279,2402
0x16a4cddc6da8ae5fe52303280e77d0356b3df424,2396
0xc762b6fd63f4a6c66524819c262f76dcfd4a3821,2387
0xd81d2ddcb8c609438cc3dee056f283b0ac03cf1c,2387
0x70710b4f6c4548312c3851ab2d772cea045af689,2354
0x8c31d06361e6266bf7e41b34ccbdb160744e9c68,2350
0x17dfd18987b6b131686fea478600b75d11193335,2335
0xf451a5ff393851753098b62bf8ac6cf33be81f43,2320
0x69b0b6fb940e7a46a9a09440fd70e229d63ad2e2,2298
0xf07b5b44ae0f5066e1e77efa46c687b13a684cb6,2263
0x4c00d380942581b8e95a7e7a1dcb2795cb134d84,2252
0x687b8aba9702bcc6472d81202502527c6d14fe90,2222
0xeefcdde92d59e4fccfc77d16fafac3ae613e3c00,2211
0x20052403f33b1d96627d2746286295e0765a1cf1,2199
0x314f29f6ad94267b0e4907b8664d45b791e26f0d,2198
0x86ba9a85dc55a5d510fc71ad90831aaf9a69e888,2197
0x50ad14277a9975a91158bd0d2221d3dfade262d4,2195
0xd64e959840ac4baa22242ef86ff3dec548f61e1f,2194
0x28c45e9a0bce210a05f304949f87d5268ac279d5,2191
0xe51746384666339749556c09cc06d789b4e26df9,2166
0x16888860e7e9906d4099098dfbf3489b114e5cb4,2158
0x58f66adb4149d275a79f19eefa3ad113dfc51de0,2146
0x49bc2e5322bb90a4306874645a523d9e5ea65f81,2134
0xa411398b05c2d0df6ad5b524c2fe1d7fa9ce6cf1,2128
0xd4e1b79e446e8019027ad1856b2ad22812c37476,2126
0x797520f471de8ec7b1e771e014149c4fd408367c,2121
0x84403430c0b8455f0c40853b686cf089915c4c52,2118
0xde961598581a21e44e0737ce160926bd9b86991c,2108
0x7101a39c053954e3e7fd010fdf3f6ef6bdbcbde0,2099
0xc93e07f49a92ff4057a682386edff49137a5e3c8,2090
0x61c69bf4c91bba7539f976d3d78b12178e353386,2087
0x1ade9bd68d1199780d28a559517384a36764c14c,2063
0x84e3e0f568ed68b4f6827fe797444b3d5b1fd8b5,2061
0x0dde8fada61441c92c9cd50c75a4855e026ab842,2054
0xd3bb175d7b3a6587456a0b7d43fc5a3af06e82c8,2044
0xea87492fe71afa1a17fbbf278223d0e8ddfd7da2,2020
0x044fd74174c8abf46123cd98178663f5230a4007,2013
0x8ffcbca77572d1ea0193059690bf5a5978efa7be,2009
0xb90b0d07512f49c3709a5fb41b22ee8b23f1873e,2004
0xc9d5d1feb2e6f0b6fc5fc87a61708164917bceda,1990
0x286aea39f3cb482da30ef86ebd677d035ce24d1f,1986
0x315a77de2671fc5485c47ea3ab7854c1492c9d2a,1986
0x4cb780fd3286f2d10199b61423d1c804bd2a5d2b,1979
0x83551f58b76a8f3b843739827068e046773dbc3d,1975
0x0b2bbc1c913267a67ac49e3f4f58cb1f8bad7d4e,1974
